seed,split_type,train_n,test_n,accuracy,time_sec
0,Original Library,175,175,0.9657142857142857,3.1444811470000786
1,Reshuffled s=1,175,175,0.96,2.9692988270001024
2,Reshuffled s=2,175,175,0.9542857142857143,2.934657009000148
3,Reshuffled s=3,175,175,0.9485714285714286,2.962640214999965
4,Reshuffled s=4,175,175,0.96,2.944540269000072
5,Reshuffled s=5,175,175,0.9542857142857143,3.3325545850000253
6,Reshuffled s=6,175,175,0.9371428571428572,2.9834174799998436
7,Reshuffled s=7,175,175,0.9428571428571428,2.955642773000136
8,Reshuffled s=8,175,175,0.9542857142857143,2.97724693400005
9,Reshuffled s=9,175,175,0.96,3.2131318720000763
10,Reshuffled s=10,175,175,0.9485714285714286,2.917162103999999
11,Reshuffled s=11,175,175,0.9257142857142857,3.03956174200016
12,Reshuffled s=12,175,175,0.9485714285714286,2.939279408000175
13,Reshuffled s=13,175,175,0.9485714285714286,2.916719019000084
14,Reshuffled s=14,175,175,0.9485714285714286,3.2679802930001642
15,Reshuffled s=15,175,175,0.96,3.060097813000084
16,Reshuffled s=16,175,175,0.9428571428571428,2.993197857999803
17,Reshuffled s=17,175,175,0.9314285714285714,2.914702330999944
18,Reshuffled s=18,175,175,0.9542857142857143,3.2204023560000223
19,Reshuffled s=19,175,175,0.9485714285714286,3.056016967000005
20,Reshuffled s=20,175,175,0.9657142857142857,2.980573356999912
21,Reshuffled s=21,175,175,0.9371428571428572,2.9693033180001294
22,Reshuffled s=22,175,175,0.9771428571428571,3.110138015000075
23,Reshuffled s=23,175,175,0.9771428571428571,3.0692318579999665
24,Reshuffled s=24,175,175,0.9714285714285714,3.0467313529998137
25,Reshuffled s=25,175,175,0.96,2.9703864730001897
26,Reshuffled s=26,175,175,0.9485714285714286,3.1186173599999165
27,Reshuffled s=27,175,175,0.9714285714285714,2.9730790670000715
28,Reshuffled s=28,175,175,0.9428571428571428,2.3151478209999823
29,Reshuffled s=29,175,175,0.96,2.285373662999973
