dataset,val_a,val_b,diff,decision,K
ACSF1,0.6666666666666666,0.6333333333333333,0.033333333333333326,blend,10
Adiac,0.7647058823529411,0.7647058823529411,0.0,blend,37
ArrowHead,0.6666666666666666,0.6666666666666666,0.0,blend,3
BME,1.0,1.0,0.0,blend,3
Beef,0.7,0.7,0.0,blend,5
BeetleFly,0.6666666666666666,1.0,-0.33333333333333337,pure_b,2
BirdChicken,0.8333333333333334,1.0,-0.16666666666666663,pure_b,2
CBF,1.0,0.7777777777777778,0.2222222222222222,pure_a,3
Car,0.8888888888888888,0.7777777777777778,0.11111111111111105,pure_a,4
Chinatown,1.0,1.0,0.0,blend,2
ChlorineConcentration,0.7,0.7142857142857143,-0.014285714285714346,blend,3
CinCECGTorso,0.6923076923076923,1.0,-0.3076923076923077,pure_b,4
Coffee,1.0,1.0,0.0,blend,2
Computers,0.8289473684210527,0.8157894736842105,0.013157894736842146,blend,2
CricketX,0.853448275862069,0.7068965517241379,0.14655172413793105,pure_a,12
CricketY,0.788135593220339,0.6610169491525424,0.1271186440677966,pure_a,12
CricketZ,0.8050847457627118,0.7457627118644068,0.05932203389830504,blend,12
Crop,0.7416666666666667,0.7425925925925926,-0.0009259259259258856,blend,24
DiatomSizeReduction,1.0,1.0,0.0,blend,4
DistalPhalanxOutlineAgeGroup,0.85,0.825,0.025000000000000022,blend,3
DistalPhalanxOutlineCorrect,0.8166666666666667,0.8222222222222222,-0.005555555555555536,blend,2
DistalPhalanxTW,0.8083333333333333,0.8,0.008333333333333304,blend,6
ECG200,0.9333333333333333,0.9,0.033333333333333326,blend,2
ECG5000,0.9470198675496688,0.9470198675496688,0.0,blend,5
ECGFiveDays,0.7142857142857143,0.8571428571428571,-0.1428571428571428,pure_b,2
EOGHorizontalSignal,0.8518518518518519,0.8611111111111112,-0.0092592592592593,blend,12
EOGVerticalSignal,0.9351851851851852,0.8240740740740741,0.11111111111111116,pure_a,12
Earthquakes,0.8229166666666666,0.8125,0.01041666666666663,blend,2
ElectricDevices,0.8939110945087785,0.8965259618976467,-0.0026148673888681806,blend,7
EthanolLevel,0.7105263157894737,0.7631578947368421,-0.052631578947368474,blend,4
FaceAll,0.9940476190476191,0.8869047619047619,0.1071428571428572,pure_a,14
FaceFour,1.0,0.8571428571428571,0.1428571428571429,pure_a,4
FacesUCR,0.9833333333333333,0.8833333333333333,0.09999999999999998,pure_a,14
FiftyWords,0.8102189781021898,0.7153284671532847,0.0948905109489051,pure_a,50
Fish,0.9622641509433962,0.8490566037735849,0.1132075471698113,pure_a,7
FordA,0.9472222222222222,0.9518518518518518,-0.00462962962962965,blend,2
FordB,0.9468377635197067,0.9358386801099908,0.010999083409715893,blend,2
FreezerRegularTrain,0.9772727272727273,1.0,-0.022727272727272707,blend,2
FreezerSmallTrain,1.0,1.0,0.0,blend,2
GunPoint,0.9333333333333333,0.9333333333333333,0.0,blend,2
GunPointAgeSpan,1.0,1.0,0.0,blend,2
GunPointMaleVersusFemale,1.0,1.0,0.0,blend,2
GunPointOldVersusYoung,1.0,1.0,0.0,blend,2
Ham,0.8484848484848485,0.8787878787878788,-0.030303030303030276,blend,2
Haptics,0.6086956521739131,0.5217391304347826,0.08695652173913049,pure_a,5
Herring,0.5,0.5,0.0,blend,2
HouseTwenty,1.0,1.0,0.0,blend,2
InlineSkate,0.3448275862068966,0.4827586206896552,-0.13793103448275862,pure_b,7
InsectEPGRegularTrain,1.0,1.0,0.0,blend,3
InsectEPGSmallTrain,1.0,1.0,0.0,blend,3
InsectWingbeatSound,0.6515151515151515,0.6515151515151515,0.0,blend,11
ItalyPowerDemand,1.0,1.0,0.0,blend,2
LargeKitchenAppliances,0.8771929824561403,0.9298245614035088,-0.052631578947368474,blend,3
Lightning2,0.8888888888888888,0.8333333333333334,0.05555555555555547,blend,2
Lightning7,0.7142857142857143,0.8095238095238095,-0.09523809523809523,pure_b,7
Mallat,0.9411764705882353,1.0,-0.05882352941176472,blend,8
Meat,1.0,1.0,0.0,blend,3
MedicalImages,0.7631578947368421,0.7105263157894737,0.052631578947368474,blend,10
MiddlePhalanxOutlineAgeGroup,0.773109243697479,0.7647058823529411,0.008403361344537896,blend,3
MiddlePhalanxOutlineCorrect,0.8777777777777778,0.8666666666666667,0.011111111111111072,blend,2
MiddlePhalanxTW,0.6,0.6,0.0,blend,6
MixedShapesRegularTrain,0.9866666666666667,1.0,-0.013333333333333308,blend,5
MixedShapesSmallTrain,0.9666666666666667,0.9666666666666667,0.0,blend,5
MoteStrain,0.6666666666666666,0.5,0.16666666666666663,pure_a,2
OSULeaf,0.8833333333333333,0.9,-0.01666666666666672,blend,6
OliveOil,0.8888888888888888,0.7777777777777778,0.11111111111111105,pure_a,4
PhalangesOutlinesCorrect,0.8555555555555555,0.85,0.005555555555555536,blend,2
Phoneme,0.30158730158730157,0.30158730158730157,0.0,blend,39
PigAirwayPressure,0.3269230769230769,0.21153846153846154,0.11538461538461539,pure_a,52
PigArtPressure,0.8461538461538461,0.6153846153846154,0.23076923076923073,pure_a,52
PigCVP,0.6346153846153846,0.40384615384615385,0.23076923076923073,pure_a,52
Plane,1.0,1.0,0.0,blend,7
PowerCons,0.9444444444444444,0.9814814814814815,-0.03703703703703709,blend,2
ProximalPhalanxOutlineAgeGroup,0.8429752066115702,0.8429752066115702,0.0,blend,3
ProximalPhalanxOutlineCorrect,0.8888888888888888,0.8666666666666667,0.022222222222222143,blend,2
ProximalPhalanxTW,0.7833333333333333,0.8083333333333333,-0.025000000000000022,blend,6
RefrigerationDevices,0.7280701754385965,0.7280701754385965,0.0,blend,3
Rock,0.75,0.75,0.0,blend,4
ScreenType,0.4824561403508772,0.7105263157894737,-0.22807017543859648,pure_b,3
SemgHandGenderCh2,0.9666666666666667,0.9555555555555556,0.011111111111111072,blend,2
SemgHandMovementCh2,0.6818181818181818,0.8787878787878788,-0.19696969696969702,pure_b,6
SemgHandSubjectCh2,0.8666666666666667,0.8814814814814815,-0.014814814814814836,blend,5
ShapeletSim,1.0,0.8333333333333334,0.16666666666666663,pure_a,2
ShapesAll,0.9166666666666666,0.85,0.06666666666666665,blend,60
SmallKitchenAppliances,0.8596491228070176,0.8333333333333334,0.02631578947368418,blend,3
SmoothSubspace,1.0,0.9333333333333333,0.06666666666666665,blend,3
SonyAIBORobotSurface1,0.8333333333333334,0.8333333333333334,0.0,blend,2
SonyAIBORobotSurface2,1.0,1.0,0.0,blend,2
StarLightCurves,0.9733333333333334,0.9666666666666667,0.00666666666666671,blend,3
Strawberry,0.9891304347826086,0.9728260869565217,0.016304347826086918,blend,2
SwedishLeaf,0.9463087248322147,0.9664429530201343,-0.020134228187919545,blend,15
Symbols,1.0,1.0,0.0,blend,6
SyntheticControl,0.9888888888888889,1.0,-0.011111111111111072,blend,6
ToeSegmentation1,0.8333333333333334,0.75,0.08333333333333337,pure_a,2
ToeSegmentation2,0.9,0.9,0.0,blend,2
Trace,1.0,1.0,0.0,blend,4
TwoLeadECG,1.0,1.0,0.0,blend,2
TwoPatterns,0.9833333333333333,0.9933333333333333,-0.010000000000000009,blend,4
UMD,0.9166666666666666,1.0,-0.08333333333333337,pure_b,3
UWaveGestureLibraryAll,0.9851301115241635,0.9591078066914498,0.026022304832713727,blend,8
UWaveGestureLibraryX,0.8513011152416357,0.7843866171003717,0.06691449814126393,blend,8
UWaveGestureLibraryY,0.828996282527881,0.7955390334572491,0.03345724907063197,blend,8
UWaveGestureLibraryZ,0.7657992565055762,0.7955390334572491,-0.029739776951672847,blend,8
Wafer,1.0,1.0,0.0,blend,2
Wine,1.0,1.0,0.0,blend,2
WordSynonyms,0.7530864197530864,0.6790123456790124,0.07407407407407407,blend,25
Worms,0.7454545454545455,0.8181818181818182,-0.07272727272727275,blend,5
WormsTwoClass,0.8727272727272727,0.9272727272727272,-0.054545454545454564,blend,2
Yoga,0.8777777777777778,0.8222222222222222,0.05555555555555558,blend,2
