Model,Mean_Accuracy,Rank
Maximum,0.9066742227889909,1
HIVE-COTE 2.0,0.8895314492844035,2
CADENCE (Ours),0.8863801154580684,3
Hydra+Multirocket,0.881781348623853,4
DualExpert (Heuristic),0.8813201139645606,5
MultiRocket_100k,0.8800283404770641,6
MultiRocket,0.8796690177889909,7
HIVE-COTEv1_0,0.8786308537798166,8
TS-CHIEF,0.8761296401376146,9
MultiRocket_10k,0.8749065129449543,10
Branch_B_Only,0.8729430347765407,11
MiniRocket,0.8723636675596331,12
InceptionTime,0.8720918868073395,13
Hydra,0.8713861743119268,14
ROCKET,0.864537935110092,15
Arsenal,0.8635650038990826,16
DrCIF,0.8618315070917432,17
TDE,0.8583953600550459,18
STC,0.8562526793853211,19
CIF,0.8466272776788989,20
WEASEL,0.8453387527614677,21
S-BOSS,0.8432305705229357,22
BOSS,0.8368985482752294,23
ProximityForest,0.834769995036697,24
cBOSS,0.8336965587614678,25
ResNet,0.829971297678899,26
MinR,0.8034562502660552,27
RISE,0.8016244569174311,28
TSF,0.7954233810366973,29
Ensemble,0.26605504587155965,30
